DensityIndex,Rank,Name,POP2010,AREAkm,AREAmi,Density
1,170,"Hickory, NC",212195,677.60,261.60,313.1567296340024
2,410,"Hammond, LA",67629,198.50,76.60,340.7002518891688
3,152,"Barnstable Town, MA",246695,718.10,277.30,343.53850438657565
4,426,"Gadsden, AL",64172,186.60,72.00,343.9013933547696
5,355,"Homosassa Springs--Beverly Hills--Citrus Springs, FL",80962,234.30,90.50,345.5484421681605
6,360,"Anniston--Oxford, AL",79796,224.70,86.80,355.1223854027593
7,433,"Los Lunas, NM",63758,179.40,69.30,355.3957636566332
8,291,"Kingsport, TN—VA",106571,294.10,113.60,362.3631417885073
9,192,"Spartanburg, SC",180786,492.20,190.00,367.30190979276716
10,329,"Portsmouth, NH—ME",88200,240.00,92.70,367.5
11,449,"Morristown, TN",59036,155.00,59.80,380.8774193548387
12,401,"Hilton Head Island, SC",68998,175.10,67.60,394.0491147915477
13,370,"Anderson, SC",75702,191.90,74.10,394.48671182907765
14,245,"Gainesville, GA",130846,327.00,126.30,400.1406727828746
15,481,"Cartersville, GA",52477,131.10,50.60,400.28222730739895
16,458,"Daphne--Fairhope, AL",57383,143.10,55.30,400.99930118798045
17,472,"East Stroudsburg, PA—NJ",54316,134.90,52.10,402.6389918458117
18,430,"Beckley, WV",64022,157.90,61.00,405.45915136162125
19,338,"Dalton, GA",85239,209.30,80.80,407.257525083612
20,133,"Asheville, NC",280648,686.00,264.90,409.10787172011663
21,397,"Bristol--Bristol, TN—VA",69501,165.50,63.90,419.94561933534743
22,259,"Johnson City, TN",120415,284.70,109.90,422.95398665261683
23,295,"Rock Hill, SC",104996,247.70,95.60,423.8837303189342
24,380,"Sumter, SC",73107,170.10,65.70,429.7883597883598
25,166,"Myrtle Beach--Socastee, SC—NC",215304,493.10,190.40,436.6335428919083
26,228,"Lake Charles, LA",143440,327.70,126.50,437.7174244736039
27,442,"Goldsboro, NC",61054,137.00,52.90,445.64963503649636
28,262,"South Lyon--Howell, MI",119509,266.20,102.80,448.9444027047333
29,495,"New Bern, NC",50503,112.40,43.40,449.31494661921704
30,357,"Hattiesburg, MS",80358,178.70,69.00,449.6810296586458
31,425,"Fairbanks, AK",64513,142.80,55.10,451.7717086834734
32,491,"Brunswick, GA",51024,112.40,43.40,453.95017793594303
33,451,"Lexington Park--California--Chesapeake Ranch Estates, MD",58875,129.30,49.90,455.3364269141531
34,302,"Longview, TX",98884,215.10,83.00,459.7117619711762
35,167,"Concord, NC",214881,466.70,180.20,460.4263981144204
36,392,"Decatur, AL",70436,151.00,58.30,466.4635761589404
37,95,"Winston-Salem, NC",391024,835.50,322.60,468.01196888090965
38,365,"Texarkana--Texarkana, TX—AR",78162,166.80,64.40,468.59712230215825
39,200,"Gastonia, NC—SC",169495,359.10,138.60,471.9994430520746
40,414,"Cleveland, TN",66777,141.40,54.60,472.25601131541725
41,466,"Hot Springs, AR",55121,116.40,44.90,473.5481099656357
42,263,"San German--Cabo Rojo--Sabana Grande, PR",118199,247.30,95.50,477.9579458147998
43,402,"Dothan, AL",68781,143.70,55.50,478.64300626304805
44,368,"Florence, AL",77074,160.90,62.10,479.0180236171535
45,160,"Nashua, NH—MA",226400,472.10,182.30,479.5594153780978
46,93,"Greenville, SC",400492,829.40,320.30,482.8695442488546
47,383,"Westminster--Eldersburg, MD",72714,149.40,57.70,486.7068273092369
48,325,"Florence, SC",89557,184.00,71.10,486.7228260869565
49,346,"Alexandria, LA",82804,169.80,65.50,487.65606595995285
50,100,"Chattanooga, TN—GA",381112,777.30,300.10,490.30232857326644
51,175,"Gulfport, MS",208948,426.10,164.50,490.3731518422905
52,74,"Knoxville, TN",558696,1134.80,438.20,492.3299259781459
53,497,"Pascagoula, MS",50428,102.40,39.50,492.4609375
54,444,"Rome, GA",60851,123.50,47.70,492.7206477732793
55,201,"Danbury, CT—NY",168136,341.00,131.70,493.0674486803519
56,124,"Aguadilla--Isabela--San Sebastian, PR",306196,619.70,239.30,494.1035985154106
57,347,"Joplin, MO",82775,166.80,64.40,496.2529976019184
58,221,"Spring Hill, FL",148220,297.80,115.00,497.7165883143049
59,379,"Elizabethtown--Radcliff, KY",73467,147.50,57.00,498.0813559322034
60,89,"Poughkeepsie--Newburgh, NY—NJ",423566,847.30,327.10,499.90086156025023
61,443,"Benton Harbor--St. Joseph--Fair Plain, MI",61022,120.90,46.70,504.7311827956989
62,249,"Athens-Clarke County, GA",128754,254.80,98.40,505.3139717425432
63,271,"Lynchburg, VA",116636,230.00,88.80,507.11304347826086
64,450,"Midland, MI",59014,116.20,44.90,507.8657487091222
65,487,"Uniontown--Connellsville, PA",51370,100.60,38.80,510.6361829025845
66,242,"Warner Robins, GA",133109,260.60,100.60,510.7789716039907
67,261,"Burlington, NC",119911,234.20,90.40,512.002561912895
68,331,"Dover--Rochester, NH—ME",88087,172.00,66.40,512.1337209302326
69,330,"Anderson, IN",88133,171.10,66.10,515.0964348334307
70,439,"Sebring--Avon Park, FL",61625,119.60,46.20,515.2591973244147
71,457,"Kingston, NY",57442,110.90,42.80,517.9621280432822
72,309,"Albany, GA",95779,183.50,70.80,521.9564032697548
73,371,"Williamsburg, VA",75689,144.80,55.90,522.71408839779
74,327,"Mandeville--Covington, LA",88925,169.90,65.60,523.3961153619776
75,493,"Chambersburg, PA",50887,96.80,37.40,525.6921487603306
76,287,"Pottstown, PA",107682,204.20,78.80,527.335945151812
77,132,"Huntsville, AL",286692,543.30,209.80,527.6863611264495
78,189,"Hagerstown, MD—WV—PA",182696,345.30,133.30,529.0935418476687
79,174,"Norwich--New London, CT—RI",209190,393.70,152.00,531.3436626873254
80,367,"Valdosta, GA",77085,144.30,55.70,534.1995841995841
81,307,"Salisbury, MD—DE",98081,183.10,70.70,535.6690333151283
82,244,"Leesburg--Eustis--Tavares, FL",131337,244.60,94.40,536.9460343417825
83,381,"Lima, OH",72852,135.60,52.40,537.2566371681417
84,408,"Carbondale, IL",67821,126.10,48.70,537.8350515463918
85,420,"Jonesboro, AR",65419,121.60,47.00,537.985197368421
86,293,"Texas City, TX",106383,196.90,76.00,540.2894870492636
87,211,"Ocala, FL",156909,290.30,112.10,540.506372717878
88,234,"Macon, GA",137570,253.90,98.00,541.8274911382434
89,389,"Weirton--Steubenville, WV—OH—PA",70889,130.80,50.50,541.9648318042813
90,385,"Jackson, TN",71880,132.50,51.10,542.4905660377359
91,427,"Saratoga Springs, NY",64100,117.80,45.50,544.1426146010186
92,455,"Watertown, NY",57840,106.00,40.90,545.6603773584906
93,55,"Birmingham, AL",749495,1372.40,529.90,546.1199358787525
94,148,"Lafayette, LA",252720,462.60,178.60,546.3035019455252
95,272,"Monroe, LA",116533,212.20,81.90,549.1658812441094
96,199,"North Port--Port Charlotte, FL",169541,308.10,118.90,550.2791301525479
97,207,"Muskegon, MI",161280,290.80,112.30,554.6079779917469
98,475,"Pine Bluff, AR",53495,96.30,37.20,555.5036344755971
99,441,"Bangor, ME",61210,110.10,42.50,555.9491371480473
100,336,"Port Huron, MI",87106,156.60,60.40,556.2324393358876
101,258,"Mauldin--Simpsonville, SC",120577,216.40,83.60,557.1950092421441
102,247,"Tyler, TX",130247,233.70,90.20,557.3256311510484
103,75,"Columbia, SC",549777,984.30,380.00,558.5461749466626
104,208,"Clarksville, TN—KY",158655,283.80,109.60,559.0380549682875
105,107,"Jackson, MS",351478,628.00,242.50,559.6783439490446
106,215,"Port Arthur, TX",153150,273.40,105.60,560.16825164594
107,180,"Bremerton, WA",198979,353.50,136.50,562.8826025459689
108,113,"Pensacola, FL—AL",340067,602.50,232.60,564.4265560165975
109,452,"Jefferson City, MO",58533,103.60,40.00,564.9903474903475
110,115,"Mobile, AL",326183,576.90,222.80,565.4064829259837
111,202,"High Point, NC",166485,292.70,113.00,568.7905705500513
112,294,"Jacksonville, NC",105419,184.80,71.30,570.4491341991342
113,417,"Monessen--California, PA",66086,115.80,44.70,570.6908462867012
114,363,"Battle Creek, MI",78393,137.30,53.00,570.9613983976693
115,461,"Staunton--Waynesboro, VA",56611,98.80,38.10,572.9858299595141
116,406,"Rocky Mount, NC",68243,119.00,46.00,573.4705882352941
117,98,"Augusta-Richmond County, GA—SC",386787,672.20,259.50,575.4046414757512
118,297,"Eau Claire, WI",102852,178.70,69.00,575.5567991046447
119,372,"Mansfield, OH",75250,130.30,50.30,577.5134305448963
120,280,"Dover, DE",110769,191.70,74.00,577.8247261345854
121,374,"Auburn, AL",74741,129.30,49.90,578.0433101314771
122,179,"Winter Haven, FL",201289,348.00,134.40,578.4166666666666
123,177,"Portland, ME",203914,352.00,135.90,579.3011363636364
124,106,"Flint, MI",356218,611.00,235.90,583.0081833060557
125,478,"Cape Girardeau, MO—IL",52900,90.70,35.00,583.2414553472988
126,489,"Villas, NJ",51291,87.70,33.90,584.8460661345496
127,477,"Farmington, NM",53049,90.40,34.90,586.8252212389381
128,415,"Zephyrhills, FL",66609,112.70,43.50,591.0292812777285
129,343,"Alton, IL—MO",83890,141.90,54.80,591.1909795630726
130,310,"Vineland, NJ",95259,160.30,61.90,594.2545227698066
131,220,"Sebastian--Vero Beach South--Florida Ridge, FL",149422,250.30,96.70,596.971634039153
132,233,"Tuscaloosa, AL",139114,231.80,89.50,600.1466781708369
133,178,"Huntington, WV—KY—OH",202637,337.60,130.30,600.2280805687203
134,318,"Slidell, LA",91151,151.80,58.60,600.467720685112
135,229,"Panama City, FL",143280,238.00,91.90,602.0168067226891
136,214,"Charleston, WV",153199,254.40,98.20,602.1973270440251
137,324,"Jackson, MI",90057,149.40,57.70,602.7911646586346
138,227,"Elkhart, IN—MI",143592,237.90,91.90,603.5813366960908
139,387,"Florida--Imbery--Barceloneta, PR",71747,118.60,45.80,604.9494097807758
140,122,"Fayetteville, NC",310282,512.90,198.00,604.956131799571
141,129,"Fayetteville--Springdale--Rogers, AR—MO",295083,486.20,187.70,606.916906622789
142,144,"Savannah, GA",260677,428.60,165.50,608.2057862809146
143,419,"Glens Falls, NY",65443,107.60,41.60,608.2063197026023
144,226,"Houma, LA",144875,236.80,91.40,611.8032094594595
145,313,"Decatur, IL",93863,153.30,59.20,612.283105022831
146,411,"Parkersburg, WV—OH",67229,109.80,42.40,612.2859744990893
147,279,"Lady Lake--The Villages, FL",112991,184.10,71.10,613.7479630635524
148,484,"Cumberland, MD—WV—PA",51899,84.50,32.60,614.189349112426
149,375,"Wausau, WI",74632,121.40,46.90,614.7611202635914
150,173,"Kalamazoo, MI",209703,341.10,131.70,614.7845206684257
151,186,"Fort Walton Beach--Navarre--Wright, FL",191917,312.10,120.50,614.9214995193847
152,490,"Monroe, MI",51240,83.10,32.10,616.6064981949459
153,81,"Worcester, MA—CT",486514,787.60,304.10,617.7171152869477
154,78,"Cape Coral, FL",530290,855.50,330.30,619.8597311513735
155,399,"St. Augustine, FL",69173,111.50,43.10,620.3856502242153
156,97,"Youngstown, OH—PA",387550,624.40,241.10,620.6758488148623
157,126,"Shreveport, LA",298317,479.70,185.20,621.8824265165729
158,222,"Beaumont, TX",147922,237.50,91.70,622.8294736842105
159,283,"Waldorf, MD",109919,176.10,68.00,624.1851220897217
160,68,"Baton Rouge, LA",594309,950.00,366.80,625.5884210526316
161,91,"Lancaster, PA",402004,641.10,247.50,627.053501793792
162,251,"Grand Junction, CO",128124,204.10,78.80,627.7511024007839
163,169,"Aberdeen--Bel Air South--Bel Air North, MD",213751,339.60,131.10,629.4199057714958
164,474,"Bloomsburg--Berwick, PA",53618,84.70,32.70,633.0342384887839
165,237,"Harlingen, TX",135663,214.30,82.80,633.0517965468969
166,161,"Wilmington, NC",219957,346.50,133.80,634.7965367965368
167,421,"Conway, AR",65277,102.80,39.70,634.9902723735408
168,486,"Hinesville, GA",51456,80.70,31.10,637.6208178438661
169,232,"Arecibo, PR",139171,217.70,84.10,639.2788240698209
170,267,"Redding, CA",117731,184.00,71.10,639.8423913043479
171,121,"Bonita Springs, FL",310298,484.20,187.00,640.8467575382074
172,341,"Prescott Valley--Prescott, AZ",84744,132.00,51.00,642.0
173,88,"Little Rock, AR",431388,669.00,258.30,644.8251121076233
174,323,"Temple, TX",90390,140.10,54.10,645.1820128479658
175,195,"Olympia--Lacey, WA",176617,273.50,105.60,645.7659963436929
176,339,"Fajardo, PR",85225,131.60,50.80,647.6063829787234
177,446,"Lewiston, ME",59397,91.70,35.40,647.73173391494
178,135,"Canton, OH",279245,431.10,166.50,647.7499420088146
179,326,"Santa Fe, NM",89284,137.50,53.10,649.3381818181819
180,120,"Greensboro, NC",311810,479.70,185.20,650.0104231811549
181,38,"Charlotte, NC—SC",1249442,1920.50,741.50,650.5816193699558
182,299,"Holland, MI",99941,153.40,59.20,651.5058670143416
183,172,"Roanoke, VA",210111,321.60,124.20,653.3302238805969
184,356,"Juana Díaz, PR",80928,123.80,47.80,653.6995153473345
185,418,"Michigan City--La Porte, IN—MI",66025,100.90,39.00,654.3607532210109
186,9,"Atlanta, GA",4515419,6851.40,2645.40,659.0505590098375
187,50,"Raleigh, NC",884891,1342.00,518.10,659.3822652757079
188,260,"Duluth, MN—WI",120378,182.50,70.50,659.6054794520549
189,366,"Lebanon, PA",77086,116.70,45.10,660.5484147386461
190,492,"Danville, IL",50996,77.20,29.80,660.5699481865284
191,86,"Harrisburg, PA",444474,672.60,259.70,660.8296164139161
192,437,"Kokomo, IN",62182,93.90,36.30,662.2151224707135
193,142,"Montgomery, AL",263907,397.80,153.60,663.4162895927601
194,44,"Nashville-Davidson, TN",969587,1459.40,563.50,664.373715225435
195,438,"Sherman, TX",61900,93.10,35.90,664.8764769065522
196,241,"Murfreesboro, TN",133228,200.30,77.30,665.1422865701447
197,364,"Bowling Green, KY",78306,117.60,45.40,665.8673469387755
198,147,"Columbus, GA—AL",253602,380.80,147.10,665.9716386554621
199,136,"South Bend, IN—MI",278165,417.20,161.10,666.7425695110259
200,353,"Wheeling, WV—OH",81249,121.80,47.00,667.0689655172414
201,328,"Blacksburg, VA",88542,132.60,51.20,667.737556561086
202,316,"Terre Haute, IN",92742,138.40,53.50,670.1011560693642
203,257,"Fort Smith, AR—OK",122947,183.30,70.80,670.7419530823786
204,308,"Middletown, OH",97503,145.30,56.10,671.0461114934617
205,337,"Springfield, OH",85256,126.80,49.00,672.3659305993691
206,480,"Sierra Vista, AZ",52745,78.40,30.30,672.7678571428571
207,206,"Springfield, IL",161316,239.10,92.30,674.6800501882058
208,71,"Akron, OH",569499,842.70,325.40,675.8027767888929
209,390,"Bay City, MI",70585,104.40,40.30,676.1015325670497
210,158,"York, PA",232045,342.40,132.20,677.7015186915888
211,285,"Burlington, VT",108740,159.90,61.80,680.0500312695434
212,448,"Pittsfield, MA",59124,86.80,33.50,681.1520737327189
213,253,"Saginaw, MI",126265,184.40,71.20,684.7342733188719
214,225,"Marysville, WA",145140,211.90,81.80,684.9457291175082
215,405,"West Bend, WI",68444,99.70,38.50,686.4994984954865
216,65,"Springfield, MA—CT",621300,902.80,348.60,688.1922906513071
217,400,"Johnstown, PA",69014,100.00,38.60,690.14
218,47,"Hartford, CT",924859,1337.10,516.30,691.6902251140529
219,496,"Grand Island, NE",50440,72.90,28.10,691.9067215363511
220,373,"Lake Jackson--Angleton, TX",74830,108.00,41.70,692.8703703703703
221,143,"Lakeland, FL",262596,378.20,146.00,694.3310417768377
222,407,"Elmira, NY",67983,97.90,37.80,694.4126659856996
223,269,"Leominster--Fitchburg, MA",116960,168.40,65.00,694.5368171021378
224,154,"Conroe--The Woodlands, TX",239938,345.30,133.30,694.8682305241819
225,369,"Newark, OH",76068,109.10,42.10,697.2318973418882
226,191,"Lorain--Elyria, OH",180956,259.50,100.20,697.3256262042389
227,266,"Greenville, NC",117798,168.90,65.20,697.4422735346359
228,101,"Port St. Lucie, FL",376047,539.00,208.10,697.6753246753246
229,470,"Titusville, FL",54386,77.90,30.10,698.1514762516045
230,476,"Lake Havasu City, AZ",53427,76.50,29.50,698.3921568627451
231,231,"Fredericksburg, VA",141238,201.50,77.80,700.9330024813896
232,429,"Twin Rivers--Hightstown, NJ",64037,91.30,35.20,701.3910186199344
233,348,"Missoula, MT",82157,117.10,45.20,701.596925704526
234,460,"Hazleton, PA",56827,80.90,31.20,702.4351050679851
235,119,"Fort Wayne, IN",313492,445.80,172.10,703.2122027815163
236,278,"Waterloo, IA",113418,161.20,62.20,703.5856079404467
237,435,"Mount Vernon, WA",62966,89.30,34.50,705.1063829787234
238,416,"Hanover, PA",66301,93.50,36.10,709.1016042780749
239,209,"Manchester, NH",158377,223.10,86.20,709.8924249215598
240,72,"New Haven, CT",562839,792.80,306.10,709.9381937436933
241,483,"Lewiston, ID—WA",51924,73.10,28.20,710.3146374829001
242,236,"Pueblo, CO",136550,192.20,74.20,710.4578563995838
243,432,"Beloit, WI—IL",63835,89.00,34.40,717.2471910112359
244,494,"Grants Pass, OR",50520,70.40,27.20,717.6136363636363
245,139,"Peoria, IL",266921,371.70,143.50,718.1086898036051
246,453,"Middletown, NY",58381,81.10,31.30,719.8643649815044
247,398,"Winchester, VA",69449,96.30,37.20,721.1734164070613
248,76,"Charleston--North Charleston, SC",548404,759.80,293.40,721.7741510923928
249,393,"Morgantown, WV",70350,97.10,37.50,724.5108135942328
250,268,"Utica, NY",117328,161.60,62.40,726.0396039603961
251,217,"Topeka, KS",150003,206.10,79.60,727.8165938864629
252,190,"Deltona, FL",182169,249.80,96.50,729.2594075260208
253,153,"Tallahassee, FL",240223,327.60,126.50,733.2814407814408
254,130,"Round Lake Beach--McHenry--Grayslake, IL—WI",290373,395.20,152.60,734.7494939271255
255,468,"Fond du Lac, WI",54901,74.70,28.90,734.9531459170013
256,196,"Waco, TX",172378,233.80,90.30,737.2882805816937
257,110,"Durham, NC",347602,470.70,181.70,738.4788612704483
258,27,"Pittsburgh, PA",1733853,2344.40,905.20,739.5721719843029
259,125,"Ann Arbor, MI",306022,413.30,159.60,740.4355189934672
260,61,"Allentown, PA—NJ",664651,896.90,346.30,741.0536291671312
261,138,"Springfield, MO",273724,368.60,142.30,742.6044492674986
262,352,"Rapid City, SD",81251,109.40,42.30,742.6965265082266
263,230,"Frederick, MD",141576,190.10,73.40,744.7448711204629
264,159,"Evansville, IN—KY",229351,307.80,118.80,745.1299545159194
265,45,"Richmond, VA",953556,1274.70,492.20,748.0630736643916
266,354,"St. Joseph, MO—KS",81176,108.40,41.90,748.8560885608856
267,127,"Rockford, IL",296863,396.30,153.00,749.0865505929851
268,322,"Muncie, IN",90580,120.90,46.70,749.2142266335815
269,109,"Palm Coast--Daytona Beach--Port Orange, FL",349064,464.50,179.30,751.4833153928956
270,431,"Longview, WA—OR",63952,85.10,32.90,751.4923619271445
271,62,"Tulsa, OK",655479,870.00,335.90,753.4241379310345
272,84,"Palm Bay--Melbourne, FL",452791,600.80,232.00,753.6468042609854
273,319,"Yauco, PR",90899,120.60,46.60,753.7230514096186
274,292,"Sioux City, IA—NE—SD",106494,140.80,54.40,756.3494318181818
275,176,"Green Bay, WI",206520,272.00,105.00,759.2647058823529
276,358,"Guayama, PR",80155,105.50,40.70,759.7630331753554
277,114,"Victorville--Hesperia, CA",328454,432.10,166.80,760.1342281879195
278,64,"Sarasota--Bradenton, FL",643260,846.10,326.70,760.2647441200803
279,301,"Wichita Falls, TX",99437,130.40,50.40,762.5536809815951
280,298,"La Crosse, WI—MN",100868,132.10,51.00,763.5730507191522
281,48,"Bridgeport--Stamford, CT—NY",923311,1207.50,466.20,764.6467908902691
282,118,"Lansing, MI",313532,409.70,158.20,765.2721503539175
283,117,"Kissimmee, FL",314071,409.90,158.30,766.2137106611369
284,150,"Atlantic City, NJ",248402,324.10,125.10,766.4362850971921
285,479,"San Marcos, TX",52826,68.90,26.60,766.7053701015965
286,250,"Las Cruces, NM",128600,167.60,64.70,767.3031026252984
287,315,"San Angelo, TX",92984,120.90,46.70,769.0984284532672
288,409,"Dubuque, IA—IL",67818,87.50,33.80,775.0628571428572
289,361,"Lafayette--Louisville--Erie, CO",79407,102.40,39.50,775.458984375
290,40,"Jacksonville, FL",1065219,1373.60,530.40,775.4943214909727
291,67,"Albany--Schenectady, NY",594962,765.90,295.70,776.8142055098577
292,467,"Columbus, IN",54933,70.60,27.30,778.0878186968839
293,464,"Walla Walla, WA—OR",55805,71.70,27.70,778.3124128312412
294,282,"Abilene, TX",110421,141.80,54.70,778.7094499294781
295,255,"Columbia, MO",124748,160.10,61.80,779.1880074953154
296,134,"Davenport, IA—IL",280051,358.00,138.20,782.2653631284916
297,70,"Grand Rapids, MI",569935,726.70,280.60,784.2782441172423
298,57,"McAllen, TX",728825,927.20,358.00,786.0493960310612
299,321,"Idaho Falls, ID",90733,115.30,44.50,786.9297484822204
300,284,"Mayagüez, PR",109572,139.20,53.70,787.1551724137931
301,43,"Louisville/Jefferson County, KY—IN",972546,1234.70,476.70,787.6779784563051
302,413,"Harrisonburg, VA",66784,84.30,32.60,792.2182680901542
303,171,"Kennewick--Pasco, WA",210975,265.40,102.50,794.9321778447627
304,340,"Lee's Summit, MO",85081,107.00,41.30,795.1495327102804
305,59,"Dayton, OH",724091,910.20,351.40,795.529553944188
306,30,"Cincinnati, OH—KY—IN",1624827,2040.20,787.70,796.4057445348495
307,384,"Flagstaff, AZ",71957,90.20,34.80,797.749445676275
308,423,"El Paso de Robles (Paso Robles)--Atascadero, CA",65088,81.40,31.40,799.6068796068796
309,165,"Appleton, WI",216154,268.80,103.80,804.1443452380952
310,304,"Coeur d'Alene, ID",98378,122.30,47.20,804.3990188062143
311,391,"Owensboro, KY",70543,87.60,33.80,805.2853881278539
312,377,"Cheyenne, WY",73588,91.00,35.10,808.6593406593406
313,422,"Great Falls, MT",65207,80.60,31.10,809.0198511166253
314,51,"Oklahoma City, OK",861505,1063.50,410.60,810.0658204043253
315,33,"Indianapolis, IN",1487483,1827.90,705.70,813.7660703539581
316,344,"Bend, OR",83794,102.90,39.70,814.3245869776482
317,80,"Toledo, OH—MI",507643,622.70,240.40,815.2288421390717
318,349,"Bismarck, ND",81955,100.40,38.80,816.2848605577689
319,90,"Syracuse, NY",412317,504.90,194.90,816.6310160427807
320,462,"Williamsport, PA",56142,68.60,26.50,818.396501457726
321,424,"Casper, WY",64548,78.60,30.30,821.2213740458016
322,288,"Rochester, MN",107677,131.00,50.60,821.9618320610687
323,193,"Cedar Rapids, IA",177844,216.10,83.50,822.9708468301712
324,41,"Memphis, TN—MS—AR",1060061,1288.00,497.30,823.0287267080745
325,210,"Binghamton, NY—PA",158084,192.00,74.10,823.3541666666666
326,388,"Sheboygan, WI",71313,86.60,33.40,823.4757505773673
327,359,"Altoona, PA",79930,96.80,37.40,825.7231404958678
328,412,"Wenatchee, WA",67227,81.30,31.40,826.9003690036901
329,312,"Lawton, OK",94457,114.20,44.10,827.1190893169877
330,252,"Odessa, TX",126405,152.60,58.90,828.3420707732635
331,185,"Waterbury, CT",194535,233.80,90.30,832.0573139435414
332,187,"Gainesville, FL",187781,225.40,87.00,833.1011535048802
333,311,"Logan, UT",94983,113.80,43.90,834.6485061511423
334,248,"Yakima, WA",129534,155.00,59.80,835.7032258064517
335,303,"Gilroy--Morgan Hill, CA",98413,117.70,45.40,836.1342395921835
336,273,"Billings, MT",114773,137.20,53.00,836.5379008746356
337,473,"Ithaca, NY",53661,63.70,24.60,842.4018838304552
338,216,"Nampa, ID",151499,179.70,69.40,843.066221480245
339,456,"Mankato, MN",57584,68.30,26.40,843.1039531478771
340,39,"Providence, RI—MA",1190956,1411.70,545.10,843.6324998229085
341,305,"St. George, UT",98370,116.30,44.90,845.8297506448839
342,434,"Victoria, TX",63683,75.20,29.00,846.8484042553191
343,83,"Wichita, KS",472870,556.20,214.70,850.1797914419273
344,281,"St. Cloud, MN",110621,130.10,50.30,850.2767102229055
345,350,"Kankakee, IL",81926,96.20,37.20,851.6216216216216
346,60,"Rochester, NY",720572,840.40,324.50,857.415516420752
347,265,"Midland, TX",117807,137.00,52.90,859.9051094890511
348,10,"Boston, MA—NH—RI",4181019,4852.20,1873.50,861.6749103499444
349,99,"Scranton-Wilkes-Barre, Pennsylvania",381502,442.30,170.80,862.541261587158
350,181,"Avondale--Goodyear, AZ",197041,227.70,87.90,865.3535353535354
351,31,"Kansas City, MO—KS",1519417,1755.60,677.80,865.4687856003646
352,85,"Des Moines, IA",450070,519.50,200.60,866.3522617901829
353,395,"Pocatello, ID",69809,80.30,31.00,869.3524283935243
354,482,"Arroyo Grande--Grover Beach, CA",52000,59.60,23.00,872.48322147651
355,396,"Janesville, WI",69658,79.70,30.80,874.0025094102886
356,198,"McKinney, TX",170030,191.90,74.10,886.0343929129755
357,238,"Yuma, AZ—CA",135267,152.30,58.80,888.161523309258
358,488,"Casa Grande, AZ",51331,57.70,22.30,889.6187175043327
359,223,"Lafayette, IN",147725,166.00,64.10,889.9096385542168
360,25,"Cleveland, OH",1780673,1999.40,772.00,890.6036811043313
361,296,"Norman, OK",103898,116.20,44.90,894.130808950086
362,20,"St. Louis, MO—IL",2150706,2392.20,923.60,899.0494105843993
363,290,"Iowa City, IA",106621,118.00,45.60,903.5677966101695
364,96,"Spokane, WA",387847,425.30,164.20,911.9374559134728
365,459,"Albany, OR",56997,62.10,24.00,917.8260869565217
366,275,"Bellingham, WA",114473,124.60,48.10,918.7239165329054
367,213,"Medford, OR",154081,167.60,64.70,919.337708830549
368,52,"Tucson, AZ",843168,915.50,353.50,920.991807755325
369,94,"Reno, NV—CA",392141,425.70,164.40,921.1674888419075
370,183,"Erie, PA",196611,213.00,82.20,923.056338028169
371,197,"College Station--Bryan, TX",171345,185.00,71.40,926.1891891891892
372,111,"Indio--Cathedral City, CA",345580,372.40,143.80,927.9806659505908
373,141,"Fort Collins, CO",264465,284.00,109.70,931.2147887323944
374,376,"Oshkosh, WI",74495,79.80,30.80,933.5213032581454
375,182,"Amarillo, TX",196651,210.20,81.20,935.5423406279734
376,256,"Kenosha, WI—IL",124064,132.60,51.20,935.6259426847663
377,286,"Bloomington, IN",108657,116.00,44.80,936.698275862069
378,212,"Sioux Falls, SD",156777,166.20,64.20,943.303249097473
379,155,"Lubbock, TX",237356,249.80,96.50,950.1841473178542
380,46,"Buffalo, NY",935906,984.00,379.90,951.1239837398374
381,21,"San Juan, PR",2148346,2244.70,866.70,957.074887512808
382,440,"Grand Forks, ND—MN",61270,63.30,24.40,967.9304897314377
383,168,"Thousand Oaks, CA",214811,221.80,85.60,968.4896302975653
384,77,"Ogden--Layton, UT",546026,563.50,217.60,968.9902395740905
385,194,"Fargo, ND—MN",176676,182.00,70.30,970.7472527472528
386,454,"Carson City, NV",58079,59.80,23.10,971.2207357859533
387,104,"Denton--Lewisville, TX",366174,376.00,145.20,973.8670212765958
388,35,"Milwaukee, WI",1376476,1413.20,545.60,974.0135861873762
389,32,"Orlando, FL",1510516,1548.00,597.70,975.7855297157623
390,17,"Tampa--St. Petersburg, FL",2441770,2478.60,957.00,985.1408052933108
391,140,"Reading, PA",266254,269.00,103.80,989.7918215613383
392,163,"Killeen, TX",217630,219.70,84.80,990.5780609922622
393,16,"Minneapolis--St. Paul, MN—WI",2650890,2646.50,1021.80,1001.6587946344229
394,445,"Ames, IA",60438,60.20,23.20,1003.9534883720929
395,37,"Austin, TX",1362416,1354.70,523.00,1005.6957259909943
396,108,"Boise, ID",349684,346.60,133.80,1008.8978649740334
397,469,"Manhattan, KS",54622,53.60,20.70,1019.0671641791045
398,404,"DeKalb, IL",68545,66.80,25.80,1026.122754491018
399,92,"Madison, WI",401661,391.10,151.00,1027.0033239580669
400,116,"Corpus Christi, TX",320069,311.50,120.30,1027.5088282504014
401,164,"Brownsville, TX",217585,211.20,81.50,1030.2320075757577
402,317,"Charlottesville, VA",92359,89.50,34.60,1031.9441340782123
403,58,"Omaha, NE—IA",725008,702.40,271.20,1032.1867881548976
404,36,"Columbus, OH",1368035,1322.10,510.50,1034.7439679298086
405,243,"Bloomington--Normal, IL",132600,127.40,49.20,1040.8163265306123
406,239,"Racine, WI",133700,128.00,49.40,1044.53125
407,219,"New Bedford, MA",149443,142.70,55.10,1047.2529782761037
408,87,"Murrieta--Temecula--Menifee, CA",441546,418.90,161.70,1054.0606349964191
409,5,"Philadelphia, PA—NJ—DE—MD",5441567,5131.70,1981.40,1060.382914044079
410,11,"Detroit, MI",3734090,3463.20,1337.20,1078.2195657195657
411,34,"Virginia Beach, VA",1439666,1335.00,515.50,1078.4014981273408
412,204,"Santa Cruz, CA",163703,151.10,58.40,1083.4083388484448
413,128,"Trenton, NJ",296668,273.40,105.60,1085.1060716898319
414,151,"Eugene, OR",247421,224.70,86.80,1101.1170449488206
415,306,"Chico, CA",98176,89.10,34.40,1101.8630751964085
416,264,"Greeley, CO",117825,106.80,41.20,1103.2303370786517
417,82,"Provo--Orem, UT",482819,437.60,169.00,1103.3340950639854
418,6,"Dallas--Fort Worth--Arlington, TX",5121892,4607.90,1779.10,1111.545823477072
419,235,"Merced, CA",136969,123.10,47.50,1112.6645004061738
420,332,"Lawrence, KS",88053,78.80,30.40,1117.4238578680204
421,447,"San Luis Obispo, CA",59219,52.90,20.40,1119.4517958412098
422,277,"Kailua (Honolulu County)--Kaneohe, HI",113682,101.10,39.00,1124.4510385756678
423,145,"Lincoln, NE",258719,229.10,88.50,1129.2841553906592
424,26,"San Antonio, TX",1758210,1546.50,597.10,1136.8962172647914
425,276,"Seaside--Monterey, CA",114237,100.20,38.70,1140.0898203592815
426,112,"Lancaster--Palmdale, CA",341219,299.10,115.50,1140.819124038783
427,436,"Corvallis, OR",62433,54.70,21.10,1141.3711151736745
428,149,"Anchorage, AK",251243,220.10,85.00,1141.4947751022262
429,56,"Albuquerque, NM",741318,649.00,250.60,1142.246533127889
430,73,"Colorado Springs, CO",559409,486.50,187.80,1149.8643371017472
431,7,"Houston, TX",4944332,4299.40,1660.00,1150.005116993069
432,428,"Petaluma, CA",64078,55.20,21.30,1160.8333333333333
433,270,"Yuba City, CA",116719,100.10,38.70,1166.023976023976
434,66,"Concord, CA",615968,527.70,203.80,1167.2692817888951
435,14,"Seattle, WA",3059393,2616.70,1010.30,1169.1798830588145
436,335,"State College, PA",87454,74.70,28.80,1170.7362784471218
437,19,"Baltimore, MD",2203663,1857.10,717.00,1186.615152657369
438,224,"Champaign, IL",145361,121.50,46.90,1196.3868312757202
439,156,"Salem, OR",236632,196.60,75.90,1203.6215666327569
440,123,"Santa Rosa, CA",308231,253.80,98.00,1214.4641449960598
441,12,"Phoenix--Mesa, AZ",3629114,2969.60,1146.60,1222.0884967672414
442,333,"Hanford, CA",87941,71.90,27.70,1223.1015299026424
443,53,"El Paso, TX—NM",803086,649.00,250.60,1237.4206471494608
444,378,"Watsonville, CA",73534,59.20,22.80,1242.1283783783783
445,342,"Napa, CA",83913,66.90,25.80,1254.3049327354258
446,386,"Camarillo, CA",71772,57.00,22.00,1259.157894736842
447,131,"Lexington-Fayette, KY",290263,226.70,87.50,1280.3837670930745
448,205,"Hemet, CA",163379,127.20,49.10,1284.4261006289307
449,351,"Livermore, CA",81624,63.40,24.50,1287.4447949526814
450,463,"Kahului, HI",55934,43.20,16.70,1294.7685185185185
451,146,"Santa Clarita, CA",258653,198.70,76.70,1301.7262204328133
452,240,"Fairfield, CA",133683,102.20,39.50,1308.0528375733854
453,218,"Ponce, PR",149539,114.30,44.10,1308.3027121609798
454,314,"Vacaville, CA",93141,71.00,27.40,1311.8450704225352
455,137,"Antioch, CA",277634,210.70,81.40,1317.6744186046512
456,394,"Porterville, CA",70272,53.10,20.50,1323.3898305084745
457,162,"Visalia, CA",219454,164.30,63.40,1335.6908094948265
458,320,"Longmont, CO",90897,67.90,26.20,1338.6892488954343
459,8,"Washington, DC—VA—MD",4586770,3423.30,1321.70,1339.867963660795
460,362,"Madera, CA",78413,58.00,22.40,1351.948275862069
461,184,"Santa Barbara, CA",195861,144.60,55.90,1354.5020746887967
462,3,"Chicago, IL—IN",8608208,6326.70,2442.80,1360.6158028672137
463,24,"Portland, OR—WA",1849898,1358.10,524.40,1362.1220823208896
464,274,"Boulder, CO",114591,84.10,32.50,1362.5564803804996
465,22,"Riverside--San Bernardino, CA",1932666,1411.50,545.00,1369.2284803400637
466,18,"Denver--Aurora, CO",2374203,1730.00,668.00,1372.371676300578
467,49,"New Orleans, LA",899703,651.10,251.40,1381.8199969282753
468,289,"El Centro--Calexico, CA",107672,77.70,30.00,1385.7400257400257
469,157,"Laredo, TX",235730,170.10,65.70,1385.8318636096415
470,28,"Sacramento, CA",1723634,1219.80,471.00,1413.0464010493524
471,42,"Salt Lake City--West Valley City, UT",1021243,719.70,277.90,1418.9842990134778
472,188,"Salinas, CA",184809,126.80,49.00,1457.4842271293376
473,79,"Bakersfield, CA",523994,358.60,138.40,1461.2214166201895
474,63,"Fresno, CA",654628,443.60,171.30,1475.7168620378718
475,345,"Manteca, CA",83578,56.50,21.80,1479.2566371681417
476,300,"Turlock, CA",99904,66.80,25.80,1495.5688622754492
477,69,"Mission Viejo--Lake Forest--San Clemente, CA",583681,389.90,150.50,1497.0017953321365
478,105,"Modesto, CA",358172,238.00,91.90,1504.9243697478992
479,203,"Vallejo, CA",165074,108.80,42.00,1517.2242647058824
480,334,"Tracy, CA",87569,57.60,22.30,1520.295138888889
481,254,"Simi Valley, CA",125206,81.40,31.40,1538.157248157248
482,102,"Stockton, CA",370583,239.60,92.50,1546.6736227045076
483,15,"San Diego, CA",2956746,1896.90,732.40,1558.7252886288154
484,403,"Lodi, CA",68738,41.20,15.90,1668.398058252427
485,103,"Oxnard, CA",367260,218.60,84.40,1680.0548947849954
486,4,"Miami, FL",5502379,3208.00,1238.60,1715.2054239401496
487,246,"Santa Maria, CA",130447,75.40,29.10,1730.0663129973473
488,23,"Las Vegas--Henderson, NV",1886011,1079.60,416.80,1746.9535012967767
489,465,"Woodland, CA",55513,31.60,12.20,1756.740506329114
490,54,"Urban Honolulu, HI",802459,440.70,170.20,1820.8736101656457
491,485,"Lompoc, CA",51509,27.70,10.70,1859.5306859205778
492,382,"Davis, CA",72794,36.60,14.10,1988.9071038251366
493,1,"New York--Newark, NY—NJ—CT",18351295,8936.00,3450.20,2053.6364145031334
494,471,"Delano, CA",54372,25.70,9.90,2115.6420233463036
495,29,"San Jose, CA",1664496,740.70,286.00,2247.1931956257595
496,13,"San Francisco--Oakland, CA",3281212,1356.20,523.60,2419.4160153369708
497,2,"Los Angeles--Long Beach--Anaheim, CA",12150996,4496.30,1736.00,2702.4433423036717